"","Survived","Pclass","Sex","Age","SibSp","Parch","Fare","Embarked"
"1",0,3,"female",37,0,0,9.5875,"S"
"2",0,2,"male",47,0,0,15,"S"
"3",0,3,"male",43,0,0,6.45,"S"
"4",0,3,"male",24,0,0,9.5,"S"
"5",0,2,"male",32,0,0,10.5,"S"
"6",0,3,"male",14,5,2,46.9,"S"
"7",1,1,"male",25,1,0,55.4417,"C"
"8",0,3,"male",28,0,0,7.7958,"S"
"9",1,3,"female",NA,0,0,7.7333,"Q"
"10",1,1,"female",NA,0,0,110.8833,"C"
"11",1,1,"female",18,2,2,262.375,"C"
"12",0,2,"male",NA,0,0,0,"S"
"13",0,3,"male",NA,0,0,7.75,"Q"
"14",0,3,"male",45,0,0,6.975,"S"
"15",1,1,"female",22,1,0,66.6,"S"
"16",0,3,"male",NA,0,0,7.8958,"S"
"17",0,3,"male",36,1,1,24.15,"S"
"18",0,1,"male",NA,0,0,39.6,"C"
"19",0,3,"male",16,1,1,20.25,"S"
"20",1,1,"male",11,1,2,120,"S"
"21",0,3,"male",NA,0,0,7.8958,"S"
"22",0,3,"male",NA,1,0,15.5,"Q"
"23",1,3,"female",36,1,0,17.4,"S"
"24",0,3,"male",18,1,1,7.8542,"S"
"25",0,3,"male",19,0,0,0,"S"
"26",1,1,"female",50,0,1,247.5208,"C"
"27",0,3,"male",NA,0,0,7.75,"Q"
"28",0,2,"male",42,0,0,13,"S"
"29",0,1,"male",30,0,0,27.75,"C"
"30",1,2,"male",0.83,1,1,18.75,"S"
"31",1,2,"female",42,1,0,26,"S"
"32",1,2,"female",29,1,0,26,"S"
"33",1,3,"male",29,0,0,7.75,"Q"
"34",0,3,"male",34,0,0,6.4958,"S"
"35",1,1,"female",52,1,0,78.2667,"C"
"36",0,3,"female",20,0,0,8.6625,"S"
"37",1,3,"female",4,0,1,13.4167,"C"
"38",0,1,"male",NA,0,0,27.7208,"C"
"39",1,2,"female",NA,0,0,12.35,"Q"
"40",1,3,"female",15,0,0,7.225,"C"
"41",0,2,"male",18,0,0,11.5,"S"
"42",0,2,"male",43,1,1,26.25,"S"
"43",0,3,"female",30,1,1,24.15,"S"
"44",0,3,"female",31,0,0,7.8542,"S"
"45",1,3,"female",26,0,0,7.8542,"S"
"46",1,3,"male",12,1,0,11.2417,"C"
"47",0,3,"male",17,0,0,8.6625,"S"
"48",1,1,"male",60,1,1,79.2,"C"
"49",1,1,"male",36,0,0,26.3875,"S"
"50",1,3,"female",0.75,2,1,19.2583,"C"
"51",0,3,"male",30,0,0,8.05,"S"
"52",0,3,"male",17,0,0,7.125,"S"
"53",1,3,"female",5,4,2,31.3875,"S"
"54",1,1,"female",14,1,2,120,"S"
"55",0,1,"male",31,0,0,50.4958,"S"
"56",0,2,"female",24,0,0,13,"S"
"57",1,2,"female",18,0,2,13,"S"
"58",0,2,"male",54,1,0,26,"S"
"59",1,3,"male",24,0,0,7.1417,"S"
"60",0,3,"male",26,0,0,7.8875,"S"
"61",0,3,"male",30,0,0,8.05,"S"
"62",1,3,"female",NA,0,2,22.3583,"C"
"63",0,3,"male",NA,0,0,7.25,"S"
"64",0,3,"male",NA,0,0,7.7375,"Q"
"65",1,1,"female",30,0,0,106.425,"C"
"66",0,2,"male",NA,0,0,0,"S"
"67",0,3,"male",NA,8,2,69.55,"S"
"68",0,3,"male",21,0,0,16.1,"S"
"69",0,3,"female",18,0,1,14.4542,"C"
"70",0,3,"male",NA,0,0,7.8958,"S"
"71",0,3,"male",32,0,0,8.3625,"S"
"72",1,1,"female",26,0,0,78.85,"S"
"73",0,3,"male",NA,3,1,25.4667,"S"
"74",0,3,"male",NA,0,0,7.25,"S"
"75",1,1,"male",4,0,2,81.8583,"S"
"76",0,1,"male",24,0,1,247.5208,"C"
"77",0,3,"male",17,1,1,7.2292,"C"
"78",0,2,"male",31,0,0,10.5,"S"
"79",0,3,"male",20,0,0,7.925,"S"
"80",1,3,"male",21,0,0,7.7958,"S"
"81",1,1,"female",NA,1,0,51.8625,"S"
"82",0,3,"male",22,0,0,7.25,"S"
"83",1,1,"male",38,1,0,90,"S"
"84",0,3,"male",74,0,0,7.775,"S"
"85",0,3,"male",21,0,0,7.8,"S"
"86",1,2,"male",0.83,0,2,29,"S"
"87",1,1,"female",43,0,1,211.3375,"S"
"88",0,3,"male",35,0,0,7.8958,"C"
"89",0,3,"male",NA,0,0,8.05,"S"
"90",0,3,"male",NA,1,0,19.9667,"S"
"91",0,3,"male",32,0,0,7.925,"S"
"92",1,1,"female",48,1,0,39.6,"C"
"93",0,3,"female",NA,0,2,7.75,"Q"
"94",0,3,"female",NA,0,0,8.05,"S"
"95",1,3,"male",NA,0,0,8.1125,"S"
"96",1,1,"male",35,0,0,26.2875,"S"
"97",0,3,"male",NA,0,0,7.8958,"C"
"98",0,1,"male",NA,0,0,0,"S"
"99",0,1,"male",45.5,0,0,28.5,"S"
"100",0,3,"male",40,0,0,7.8958,"S"
"101",0,3,"female",47,1,0,14.5,"S"
"102",0,3,"male",44,0,1,16.1,"S"
"103",1,2,"female",5,1,2,27.75,"S"
"104",0,3,"male",30,0,0,7.25,"S"
"105",0,3,"male",NA,1,0,24.15,"Q"
"106",0,3,"male",25,1,0,17.8,"S"
"107",0,3,"male",22,0,0,8.05,"S"
"108",0,3,"female",NA,0,2,15.2458,"C"
"109",0,1,"male",28,1,0,82.1708,"C"
"110",0,3,"male",30.5,0,0,8.05,"S"
"111",0,2,"female",57,0,0,10.5,"S"
"112",0,3,"female",40,1,0,9.475,"S"
"113",0,1,"male",50,1,0,55.9,"S"
"114",1,1,"male",42,0,0,26.2875,"S"
"115",0,3,"male",36,0,0,7.4958,"S"
"116",0,1,"male",42,1,0,52,"S"
"117",0,2,"male",21,0,0,73.5,"S"
"118",0,2,"male",23,0,0,13,"S"
"119",1,2,"female",32,0,0,13,"S"
"120",0,3,"male",NA,0,0,7.225,"C"
"121",0,3,"male",1,5,2,46.9,"S"
"122",0,3,"male",NA,0,0,9.5,"S"
"123",1,1,"female",24,3,2,263,"S"
"124",1,3,"female",27,0,2,11.1333,"S"
"125",0,3,"male",NA,0,0,7.8292,"Q"
"126",0,2,"male",30,0,0,13,"S"
"127",1,2,"male",19,0,0,10.5,"S"
"128",1,1,"male",32,0,0,30.5,"C"
"129",0,3,"male",44,0,0,8.05,"S"
"130",0,3,"male",24.5,0,0,8.05,"S"
"131",1,1,"male",36,1,2,120,"S"
"132",1,1,"female",30,0,0,31,"C"
"133",0,3,"male",28,2,0,7.925,"S"
"134",1,1,"male",23,0,1,63.3583,"C"
"135",0,2,"male",31,1,1,26.25,"S"
"136",0,1,"male",45,0,0,26.55,"S"
"137",0,2,"male",31,1,1,37.0042,"C"
"138",1,2,"female",40,1,1,39,"S"
"139",0,1,"male",37,1,0,53.1,"S"
"140",0,3,"male",NA,0,0,7.75,"Q"
"141",0,3,"male",16,0,0,9.2167,"S"
"142",0,2,"male",42,1,0,27,"S"
"143",1,1,"female",58,0,1,153.4625,"S"
"144",0,2,"male",19,0,0,13,"S"
"145",0,3,"male",24,0,0,7.05,"S"
"146",0,3,"female",21,2,2,34.375,"S"
"147",0,3,"male",NA,0,0,8.05,"S"
"148",1,1,"female",40,0,0,153.4625,"S"
"149",1,1,"female",35,0,0,135.6333,"S"
"150",0,3,"male",NA,0,0,8.05,"S"
"151",0,3,"male",NA,1,0,15.5,"Q"
"152",1,3,"female",35,1,1,20.25,"S"
"153",0,3,"male",42,0,0,7.55,"S"
"154",0,3,"male",22,0,0,7.25,"S"
"155",1,1,"female",NA,1,0,82.1708,"C"
"156",1,1,"female",17,1,0,57,"S"
"157",1,1,"female",49,1,0,76.7292,"C"
"158",1,3,"female",NA,0,0,7.8792,"Q"
"159",1,1,"female",35,1,0,53.1,"S"
"160",1,2,"female",14,1,0,30.0708,"C"
"161",0,3,"male",NA,1,0,7.75,"Q"
"162",1,3,"female",17,4,2,7.925,"S"
"163",0,3,"male",59,0,0,7.25,"S"
"164",0,3,"male",24,0,0,8.05,"S"
"165",1,2,"female",25,0,1,26,"S"
"166",0,3,"male",36,0,0,0,"S"
"167",1,1,"female",48,0,0,25.9292,"S"
"168",0,3,"male",18,1,0,6.4958,"S"
"169",0,2,"male",52,0,0,13,"S"
"170",0,3,"male",25,0,0,7.8958,"S"
"171",0,3,"male",4,4,1,29.125,"Q"
"172",0,2,"male",27,0,0,13,"S"
"173",0,3,"male",33,0,0,8.6625,"C"
"174",0,3,"male",26,1,0,7.8542,"S"
"175",1,3,"male",NA,0,0,7.75,"Q"
"176",1,1,"female",21,2,2,262.375,"C"
"177",1,3,"female",24,0,2,16.7,"S"
"178",1,3,"male",39,0,0,7.925,"S"
"179",0,3,"male",24,2,0,24.15,"S"
"180",0,3,"female",NA,8,2,69.55,"S"
"181",1,1,"male",NA,0,0,30,"S"
"182",1,3,"male",NA,0,0,56.4958,"S"
"183",0,2,"male",33,0,0,12.275,"S"
"184",0,2,"male",28,0,0,10.5,"S"
"185",1,3,"female",NA,0,0,7.75,"Q"
"186",1,1,"female",54,1,0,59.4,"C"
"187",1,2,"female",24,1,2,65,"S"
"188",1,2,"female",23,0,0,13.7917,"C"
"189",0,1,"male",56,0,0,30.6958,"C"
"190",0,2,"male",29,0,0,10.5,"S"
"191",0,3,"male",NA,1,2,23.45,"S"
"192",1,3,"female",1,1,1,11.1333,"S"
"193",0,1,"male",NA,0,0,0,"S"
"194",1,3,"male",20,1,1,15.7417,"C"
"195",0,1,"male",70,1,1,71,"S"
"196",1,2,"female",40,0,0,15.75,"S"
"197",0,2,"male",25,0,0,13,"S"
"198",0,3,"male",7,4,1,39.6875,"S"
"199",1,3,"male",44,0,0,7.925,"S"
"200",1,1,"female",39,1,1,83.1583,"C"
"201",1,3,"male",31,0,0,7.925,"S"
"202",1,1,"male",0.92,1,2,151.55,"S"
"203",0,2,"male",70,0,0,10.5,"S"
"204",0,1,"male",60,0,0,26.55,"S"
"205",0,1,"male",46,1,0,61.175,"S"
"206",1,1,"female",31,1,0,113.275,"C"
"207",0,3,"male",NA,0,0,8.05,"S"
"208",0,3,"male",42,0,0,8.6625,"S"
"209",0,3,"male",2,3,1,21.075,"S"
"210",1,3,"female",30,0,0,12.475,"S"
"211",0,1,"male",38,0,0,0,"S"
"212",1,1,"female",31,0,2,164.8667,"S"
"213",0,3,"male",30,0,0,7.2292,"C"
"214",0,3,"male",40.5,0,0,7.75,"Q"
"215",0,2,"male",34,0,0,13,"S"
"216",0,3,"male",29,0,0,9.4833,"S"
"217",1,2,"female",28,1,0,26,"S"
"218",1,1,"female",38,1,0,71.2833,"C"
"219",0,3,"male",NA,0,0,7.75,"Q"
"220",1,1,"male",42,1,0,52.5542,"S"
"221",0,1,"male",62,0,0,26.55,"S"
"222",0,3,"female",18,2,0,18,"S"
"223",0,3,"male",31,0,0,7.775,"S"
"224",1,1,"male",28,0,0,26.55,"S"
"225",1,3,"male",29,0,0,9.5,"S"
"226",0,3,"female",41,0,2,20.2125,"S"
"227",0,3,"male",NA,0,0,7.7292,"Q"
"228",1,3,"female",27,0,1,12.475,"S"
"229",1,1,"female",17,1,0,108.9,"C"
"230",1,2,"female",19,0,0,26,"S"
"231",0,3,"male",16,4,1,39.6875,"S"
"232",0,2,"female",27,1,0,21,"S"
"233",0,3,"male",27,0,0,7.8958,"S"
"234",0,3,"male",49,0,0,0,"S"
"235",0,3,"male",NA,0,0,7.8958,"S"
"236",1,3,"female",NA,1,1,22.3583,"C"
"237",0,3,"male",32,0,0,7.925,"S"
"238",0,3,"female",6,4,2,31.275,"S"
"239",0,2,"male",54,0,0,14,"S"
"240",0,3,"male",28,0,0,9.5,"S"
"241",0,1,"male",51,0,1,61.3792,"C"
"242",1,2,"female",24,1,0,26,"S"
"243",0,2,"male",23,2,1,11.5,"S"
"244",1,3,"male",32,0,0,7.925,"S"
"245",0,3,"male",19,0,0,7.775,"S"
"246",0,2,"male",39,0,0,26,"S"
"247",1,1,"female",24,0,0,69.3,"C"
"248",1,1,"male",37,1,1,52.5542,"S"
"249",0,3,"male",21,0,0,7.8542,"S"
"250",1,3,"female",18,0,0,7.4958,"S"
"251",0,3,"male",29,1,0,7.0458,"S"
"252",0,1,"male",64,1,4,263,"S"
"253",0,3,"male",NA,0,0,7.3125,"S"
"254",0,1,"male",47,0,0,38.5,"S"
"255",0,2,"male",30,1,0,24,"C"
"256",1,3,"female",NA,0,0,7.75,"Q"
"257",0,3,"male",18,0,0,8.3,"S"
"258",0,3,"male",35,0,0,8.05,"S"
"259",0,1,"male",28,0,0,47.1,"S"
"260",0,3,"male",34,1,1,14.4,"S"
"261",0,3,"female",NA,0,0,8.1375,"Q"
"262",0,3,"female",2,3,2,27.9,"S"
"263",1,1,"female",16,0,0,86.5,"S"
"264",0,3,"male",27,1,0,14.4542,"C"
"265",0,1,"male",NA,0,0,30.6958,"C"
"266",0,2,"male",52,0,0,13.5,"S"
"267",1,1,"male",17,0,2,110.8833,"C"
"268",0,2,"male",21,2,0,73.5,"S"
"269",1,3,"female",4,1,1,16.7,"S"
"270",0,3,"male",29,0,0,8.05,"S"
"271",1,2,"female",34,0,0,13,"S"
"272",0,3,"male",NA,0,0,7.55,"S"
"273",0,3,"male",18,0,0,7.7958,"S"
"274",0,3,"male",21,0,0,7.7333,"Q"
"275",0,3,"male",NA,0,0,7.05,"S"
"276",1,2,"female",50,0,0,10.5,"S"
"277",0,3,"female",9,3,2,27.9,"S"
"278",0,2,"male",NA,0,0,0,"S"
"279",1,3,"male",32,0,0,8.05,"S"
"280",0,1,"male",NA,0,0,25.925,"S"
"281",0,3,"female",39,1,5,31.275,"S"
"282",0,3,"male",34,0,0,8.05,"S"
"283",1,1,"female",54,1,0,78.2667,"C"
"284",1,2,"male",3,1,1,18.75,"S"
"285",1,2,"female",24,0,2,14.5,"S"
"286",1,1,"male",51,0,0,26.55,"S"
"287",1,1,"male",49,1,0,89.1042,"C"
"288",0,3,"male",47,0,0,9,"S"
"289",0,3,"male",20,0,0,8.6625,"S"
"290",0,3,"male",50,0,0,8.05,"S"
"291",0,1,"male",52,1,1,79.65,"S"
"292",0,3,"male",9,4,2,31.3875,"S"
"293",0,2,"male",28,0,0,13,"S"
"294",1,1,"male",35,0,0,26.55,"C"
"295",1,3,"female",38,1,5,31.3875,"S"
"296",0,3,"male",14,4,1,39.6875,"S"
"297",1,2,"male",32,1,0,26,"S"
"298",0,3,"male",51,0,0,8.05,"S"
"299",0,3,"male",25,0,0,7.225,"C"
"300",1,3,"male",26,0,0,18.7875,"C"
"301",1,1,"male",52,0,0,30.5,"S"
"302",0,3,"male",NA,0,0,7.2292,"C"
"303",0,3,"female",29,1,1,10.4625,"S"
"304",0,3,"male",21,0,0,7.775,"S"
"305",0,3,"male",NA,0,0,15.1,"S"
"306",0,2,"male",34,0,0,13,"S"
"307",1,1,"female",NA,0,1,55,"S"
"308",0,1,"male",18,1,0,108.9,"C"
"309",0,3,"female",14,0,0,7.8542,"S"
"310",1,2,"female",34,0,0,10.5,"S"
"311",0,3,"male",28,1,0,15.85,"S"
"312",0,1,"female",2,1,2,151.55,"S"
"313",0,3,"female",NA,0,0,7.55,"S"
"314",1,1,"male",NA,0,0,30.5,"S"
"315",1,1,"male",36,0,1,512.3292,"C"
"316",0,2,"male",24,2,0,73.5,"S"
"317",1,1,"female",40,1,1,134.5,"C"
"318",1,1,"female",49,0,0,25.9292,"S"
"319",0,3,"male",23,0,0,7.8958,"S"
"320",1,1,"female",42,0,0,227.525,"C"
"321",1,1,"female",30,0,0,93.5,"S"
"322",0,3,"male",9,5,2,46.9,"S"
"323",0,3,"male",NA,0,0,8.05,"S"
"324",0,2,"male",21,1,0,11.5,"S"
"325",0,2,"male",59,0,0,13.5,"S"
"326",0,2,"male",25,1,2,41.5792,"C"
"327",0,3,"female",30,0,0,8.6625,"S"
"328",0,2,"male",35,0,0,26,"S"
"329",1,1,"female",22,0,0,151.55,"S"
"330",0,3,"male",40,1,1,15.5,"Q"
"331",0,1,"female",50,0,0,28.7125,"C"
"332",1,1,"female",16,0,1,57.9792,"C"
"333",0,3,"male",30,1,0,16.1,"S"
"334",1,1,"female",33,1,0,53.1,"S"
"335",0,3,"male",38,0,0,7.05,"S"
"336",0,3,"female",18,1,0,17.8,"S"
"337",0,1,"male",33,0,0,5,"S"
"338",0,1,"male",36,0,0,40.125,"C"
"339",0,3,"male",19,0,0,7.65,"S"
"340",0,3,"male",19,0,0,8.1583,"S"
"341",0,2,"male",54,0,0,26,"S"
"342",0,3,"male",23.5,0,0,7.2292,"C"
"343",1,3,"female",NA,0,0,7.8792,"Q"
"344",0,3,"male",NA,2,0,21.6792,"C"
"345",1,1,"female",16,0,1,39.4,"S"
"346",1,3,"female",18,0,1,9.35,"S"
"347",1,3,"male",NA,1,1,15.2458,"C"
"348",0,3,"male",8,4,1,29.125,"Q"
"349",1,1,"female",39,1,1,110.8833,"C"
"350",0,2,"male",66,0,0,10.5,"S"
"351",0,1,"male",39,0,0,0,"S"
"352",0,3,"male",17,0,0,8.6625,"S"
"353",0,3,"female",21,0,0,7.75,"Q"
"354",0,3,"male",43,0,0,8.05,"S"
"355",1,3,"female",NA,2,0,23.25,"Q"
"356",0,2,"male",36,0,0,10.5,"S"
"357",1,3,"female",31,0,0,8.6833,"S"
"358",0,3,"male",25,0,0,7.7417,"Q"
"359",1,2,"female",30,3,0,21,"S"
"360",0,3,"male",28.5,0,0,7.2292,"C"
"361",1,1,"female",35,1,0,90,"S"
"362",1,3,"female",5,0,0,12.475,"S"
"363",1,2,"male",1,2,1,39,"S"
"364",1,1,"female",56,0,1,83.1583,"C"
"365",0,3,"male",25,0,0,7.25,"S"
"366",0,3,"female",11,4,2,31.275,"S"
"367",0,1,"male",56,0,0,26.55,"S"
"368",1,3,"female",0.75,2,1,19.2583,"C"
"369",1,2,"female",3,1,2,41.5792,"C"
"370",0,3,"male",NA,0,0,7.775,"S"
"371",1,2,"female",24,0,0,13,"S"
"372",1,3,"female",14,1,0,11.2417,"C"
"373",0,3,"male",25,1,0,7.775,"S"
"374",0,1,"male",58,0,0,29.7,"C"
"375",1,2,"female",19,1,0,26,"S"
"376",1,3,"female",26,0,0,7.925,"S"
"377",1,3,"female",4,0,2,22.025,"S"
"378",0,1,"male",NA,0,0,221.7792,"S"
"379",0,3,"female",20,1,0,9.825,"S"
"380",0,1,"male",44,2,0,90,"Q"
"381",0,1,"male",58,0,2,113.275,"C"
"382",0,3,"male",21,0,0,8.6625,"S"
"383",1,3,"female",1,0,2,15.7417,"C"
"384",1,2,"male",NA,0,0,13.8625,"C"
"385",1,2,"female",35,0,0,21,"S"
"386",0,3,"male",NA,0,0,7.8958,"S"
"387",0,2,"male",51,0,0,12.525,"S"
"388",0,2,"male",NA,0,0,0,"S"
"389",1,2,"female",50,0,1,26,"S"
"390",0,3,"male",19,0,0,10.1708,"S"
"391",0,3,"male",22,0,0,7.7958,"S"
"392",0,3,"male",36,1,0,15.55,"S"
"393",0,3,"male",NA,8,2,69.55,"S"
"394",0,3,"male",33,0,0,7.8958,"S"
"395",1,1,"female",44,0,1,57.9792,"C"
"396",0,3,"male",7,4,1,29.125,"Q"
"397",1,3,"male",30,0,0,9.5,"S"
"398",0,3,"male",NA,0,0,7.725,"Q"
"399",1,2,"female",36,0,0,13,"S"
"400",0,2,"male",27,0,0,13,"S"
"401",1,1,"female",36,1,2,120,"S"
"402",0,2,"male",28,0,1,33,"S"
"403",0,2,"female",26,1,1,26,"S"
"404",0,3,"male",17,0,0,8.6625,"S"
"405",0,1,"male",NA,0,0,31,"S"
"406",0,3,"female",18,0,0,6.75,"Q"
"407",0,1,"male",19,3,2,263,"S"
"408",0,3,"male",NA,0,0,7.225,"C"
"409",0,3,"male",NA,0,0,7.75,"Q"
"410",0,2,"male",34,1,0,26,"S"
"411",0,2,"male",36.5,0,2,26,"S"
"412",0,3,"male",21,0,0,8.05,"S"
"413",0,1,"male",54,0,1,77.2875,"S"
"414",1,2,"male",42,0,0,13,"S"
"415",0,1,"male",47,0,0,52,"S"
"416",0,2,"male",48,0,0,13,"S"
"417",0,3,"male",16,0,0,8.05,"S"
"418",1,2,"male",31,0,0,13,"S"
"419",0,3,"male",38,0,0,7.8958,"S"
"420",1,3,"female",NA,0,0,7.225,"C"
"421",1,2,"female",NA,0,0,33,"S"
"422",0,3,"male",26,1,0,14.4542,"C"
"423",0,1,"male",19,1,0,53.1,"S"
"424",1,3,"male",32,0,0,7.8542,"S"
"425",1,3,"female",22,0,0,7.75,"Q"
"426",0,2,"female",38,0,0,13,"S"
"427",1,3,"female",22,0,0,7.25,"S"
"428",0,1,"male",47,0,0,34.0208,"S"
"429",1,3,"female",2,0,1,12.2875,"S"
"430",1,1,"male",34,0,0,26.55,"S"
"431",0,3,"male",61,0,0,6.2375,"S"
"432",0,3,"male",48,0,0,7.8542,"S"
"433",1,1,"female",35,1,0,83.475,"S"
"434",1,3,"male",19,0,0,8.05,"S"
"435",1,1,"female",35,1,0,52,"S"
"436",0,2,"male",36,0,0,12.875,"C"
"437",0,3,"male",19,0,0,8.05,"S"
"438",0,2,"male",23,0,0,15.0458,"C"
"439",0,3,"female",26,1,0,16.1,"S"
"440",1,1,"male",27,1,0,53.1,"S"
"441",1,3,"female",19,0,0,7.8792,"Q"
"442",0,3,"male",29,0,0,7.775,"S"
"443",1,2,"female",4,1,1,23,"S"
"444",0,1,"male",29,0,0,30,"S"
"445",0,3,"female",2,0,1,10.4625,"S"
"446",0,1,"male",38,0,1,153.4625,"S"
"447",1,2,"female",21,0,0,10.5,"S"
"448",1,1,"female",NA,1,0,52,"S"
"449",1,1,"male",28,0,0,35.5,"S"
"450",0,3,"male",39,0,0,24.15,"S"
"451",0,3,"male",17,1,0,7.0542,"S"
"452",0,1,"male",45,1,0,83.475,"S"
"453",0,3,"male",NA,0,0,7.75,"Q"
"454",1,1,"female",51,1,0,77.9583,"S"
"455",0,3,"male",31,0,0,7.75,"Q"
"456",0,3,"male",NA,0,0,7.2292,"C"
"457",1,1,"female",19,1,0,91.0792,"C"
"458",0,3,"male",26,1,2,20.575,"S"
"459",0,3,"male",37,2,0,7.925,"S"
"460",0,3,"male",NA,1,0,16.1,"S"
"461",0,1,"male",45,0,0,35.5,"S"
"462",1,1,"female",NA,0,0,79.2,"C"
"463",0,3,"male",21,0,0,7.925,"S"
"464",1,3,"female",19,1,0,7.8542,"S"
"465",1,1,"female",24,0,0,83.1583,"C"
"466",0,3,"male",20,0,0,9.5,"S"
"467",1,1,"male",48,1,0,76.7292,"C"
"468",0,3,"male",NA,0,0,7.75,"Q"
"469",1,2,"female",24,2,1,27,"S"
"470",1,3,"male",25,1,0,7.775,"S"
"471",0,3,"male",65,0,0,7.75,"Q"
"472",1,1,"male",26,0,0,30,"C"
"473",0,3,"male",24,0,0,7.7958,"S"
"474",0,3,"male",NA,0,0,8.6625,"S"
"475",0,1,"male",31,1,0,52,"S"
"476",1,2,"female",36,0,0,13,"S"
"477",1,1,"male",56,0,0,35.5,"C"
"478",0,1,"male",55,0,0,30.5,"S"
"479",1,3,"female",31,1,1,20.525,"S"
"480",1,1,"female",32,0,0,76.2917,"C"
"481",1,2,"male",34,0,0,13,"S"
"482",1,2,"female",13,0,1,19.5,"S"
"483",0,3,"male",NA,0,0,7.2292,"C"
"484",1,3,"male",4,1,1,11.1333,"S"
"485",1,3,"male",3,1,1,15.9,"S"
"486",1,2,"female",4,2,1,39,"S"
"487",1,3,"male",NA,2,0,23.25,"Q"
"488",1,2,"female",22,1,1,29,"S"
"489",0,3,"male",38,0,0,8.6625,"S"
"490",0,3,"male",4,3,2,27.9,"S"
"491",0,3,"male",28,0,0,7.8958,"S"
"492",0,3,"male",28.5,0,0,16.1,"S"
"493",0,3,"male",39,1,5,31.275,"S"
"494",1,1,"male",NA,0,0,26.55,"S"
"495",1,2,"male",1,0,2,37.0042,"C"
"496",0,3,"male",20,0,0,8.05,"S"
"497",1,2,"female",28,0,0,13,"S"
"498",1,1,"female",24,0,0,49.5042,"C"
"499",0,3,"male",32,0,0,7.8958,"S"
"500",0,3,"male",39,0,0,7.925,"S"
"501",1,3,"male",NA,0,0,7.2292,"C"
"502",0,3,"male",NA,0,0,8.05,"S"
"503",0,3,"male",NA,0,0,14.4583,"C"
"504",1,1,"female",30,0,0,56.9292,"C"
"505",1,3,"male",26,0,0,56.4958,"S"
"506",1,1,"male",27,0,0,30.5,"S"
"507",0,2,"male",18,0,0,11.5,"S"
"508",0,3,"female",28,0,0,7.8958,"S"
"509",0,3,"male",30,0,0,7.225,"C"
"510",1,1,"female",39,1,1,79.65,"S"
"511",0,3,"male",42,0,1,8.4042,"S"
"512",0,3,"male",16,2,0,18,"S"
"513",1,2,"female",27,1,0,13.8583,"C"
"514",0,1,"male",46,0,0,79.2,"C"
"515",1,3,"male",27,0,0,8.6625,"S"
"516",0,3,"male",NA,8,2,69.55,"S"
"517",0,2,"male",46,0,0,26,"S"
"518",1,2,"female",36,1,0,26,"S"
"519",0,3,"female",17,0,0,14.4583,"C"
"520",0,3,"male",35,0,0,7.125,"S"
"521",1,1,"female",NA,1,0,89.1042,"C"
"522",1,3,"female",NA,0,0,7.75,"Q"
"523",1,3,"female",NA,0,0,7.8292,"Q"
"524",1,2,"male",3,1,1,26,"S"
"525",1,3,"male",1,1,2,20.575,"S"
"526",1,3,"female",NA,0,0,7.75,"Q"
"527",1,2,"female",55,0,0,16,"S"
"528",1,1,"female",47,1,1,52.5542,"S"
"529",0,1,"male",49,1,1,110.8833,"C"
"530",1,3,"female",16,0,0,7.7333,"Q"
"531",0,3,"male",24,1,0,16.1,"S"
"532",0,2,"male",44,1,0,26,"S"
"533",1,2,"female",30,0,0,12.35,"Q"
"534",0,2,"male",26,0,0,10.5,"S"
"535",0,2,"male",25,0,0,13,"S"
"536",0,3,"male",NA,0,0,7.75,"Q"
"537",1,2,"female",8,0,2,26.25,"S"
"538",1,2,"male",2,1,1,26,"S"
"539",0,3,"female",45,0,0,7.75,"S"
"540",1,1,"male",48,0,0,26.55,"S"
"541",0,2,"male",19,1,1,36.75,"S"
"542",1,2,"female",54,1,3,23,"S"
"543",0,3,"male",26,0,0,7.8958,"S"
"544",0,3,"male",NA,0,0,14.5,"S"
"545",0,3,"male",18,0,0,7.775,"S"
"546",1,2,"female",24,2,3,18.75,"S"
"547",1,1,"female",63,1,0,77.9583,"S"
"548",0,3,"male",40.5,0,2,14.5,"S"
"549",0,3,"male",22,0,0,7.8958,"S"
"550",1,3,"male",0.42,0,1,8.5167,"C"
"551",1,2,"female",17,0,0,12,"C"
"552",0,3,"female",8,3,1,21.075,"S"
"553",1,3,"male",25,0,0,0,"S"
"554",0,3,"female",25,0,0,7.775,"S"
"555",0,1,"male",61,0,0,33.5,"S"
"556",0,1,"male",40,0,0,27.7208,"C"
"557",0,2,"male",23,0,0,13,"S"
"558",1,3,"male",45,0,0,8.05,"S"
"559",1,3,"female",NA,1,0,15.5,"Q"
"560",0,3,"male",34,0,0,8.05,"S"
"561",0,3,"male",NA,0,0,7.2292,"C"
"562",1,1,"female",NA,1,0,146.5208,"C"
"563",0,1,"male",NA,0,0,52,"S"
"564",0,1,"male",37,0,1,29.7,"C"
"565",0,3,"male",NA,0,0,8.05,"S"
"566",0,3,"male",NA,0,0,7.8958,"S"
"567",0,3,"male",NA,0,0,7.8958,"S"
"568",0,3,"male",NA,0,0,7.225,"C"
"569",1,3,"female",5,2,1,19.2583,"C"
"570",0,3,"male",NA,0,0,8.7125,"C"
"571",0,3,"male",32,0,0,7.75,"Q"
"572",1,2,"female",32.5,0,0,13,"S"
"573",0,3,"female",9,4,2,31.275,"S"
"574",1,1,"female",23,3,2,263,"S"
"575",1,3,"female",21,0,0,7.65,"S"
"576",0,3,"male",20,0,0,7.8542,"S"
"577",1,3,"female",33,3,0,15.85,"S"
"578",0,1,"male",40,0,0,0,"S"
"579",1,1,"female",58,0,0,26.55,"S"
"580",0,3,"male",28,0,0,56.4958,"S"
"581",0,3,"male",51,0,0,7.0542,"S"
"582",0,3,"male",33,1,1,20.525,"S"
"583",0,3,"male",20.5,0,0,7.25,"S"
"584",1,1,"male",49,1,0,56.9292,"C"
"585",1,1,"male",27,0,0,76.7292,"C"
"586",1,1,"female",23,1,0,113.275,"C"
"587",0,2,"male",36,1,2,27.75,"S"
"588",1,2,"female",34,1,1,32.5,"S"
"589",0,3,"female",45,0,1,14.4542,"C"
"590",0,3,"female",9,2,2,34.375,"S"
"591",0,3,"male",33,0,0,9.5,"S"
"592",1,1,"female",19,0,0,30,"S"
"593",0,3,"male",21,0,0,7.925,"S"
"594",0,3,"male",NA,0,0,8.4583,"Q"
"595",0,3,"male",28,0,0,9.5,"S"
"596",1,1,"female",60,1,0,75.25,"C"
"597",1,2,"female",42,0,0,13,"S"
"598",1,3,"female",NA,0,0,7.7375,"Q"
"599",1,2,"female",29,0,0,10.5,"S"
"600",0,3,"female",10,0,2,24.15,"S"
"601",0,3,"male",NA,0,0,7.225,"C"
"602",1,3,"female",NA,1,0,16.1,"S"
"603",0,1,"male",62,0,0,26.55,"S"
"604",0,3,"male",45.5,0,0,7.225,"C"
"605",1,3,"female",24,0,3,19.2583,"C"
"606",0,3,"female",22,0,0,10.5167,"S"
"607",0,3,"female",NA,0,0,8.05,"S"
"608",1,3,"female",NA,0,0,7.75,"Q"
"609",0,3,"female",NA,3,1,25.4667,"S"
"610",1,1,"male",31,1,0,57,"S"
"611",1,1,"male",NA,0,0,35.5,"S"
"612",1,3,"male",NA,1,1,15.2458,"C"
"613",0,3,"male",11,5,2,46.9,"S"
"614",0,1,"male",NA,0,0,42.4,"S"
"615",1,1,"female",24,0,0,69.3,"C"
"616",0,3,"male",41,0,0,7.125,"S"
"617",0,3,"female",28,1,1,14.4,"S"
"618",0,3,"male",26,2,0,8.6625,"S"
"619",1,1,"female",44,0,0,27.7208,"C"
"620",0,3,"male",11,0,0,18.7875,"C"
"621",0,1,"male",61,0,0,32.3208,"S"
"622",0,1,"male",NA,0,0,26.55,"S"
"623",0,1,"male",64,0,0,26,"S"
"624",0,3,"female",NA,1,0,14.4583,"C"
"625",1,2,"female",45,1,1,26.25,"S"
"626",0,1,"male",71,0,0,49.5042,"C"
"627",0,1,"male",NA,0,0,27.7208,"C"
"628",0,3,"male",NA,0,0,8.05,"S"
"629",0,2,"male",36,0,0,13,"S"
"630",0,3,"male",23,0,0,9.225,"S"
"631",0,2,"male",16,0,0,26,"S"
"632",0,1,"male",65,0,1,61.9792,"C"
"633",0,3,"male",25,0,0,7.65,"S"
"634",0,3,"male",19,0,0,14.5,"S"
"635",0,2,"male",NA,0,0,0,"S"
"636",0,2,"male",25,0,0,13,"S"
"637",1,3,"male",18,0,0,8.05,"S"
"638",1,3,"male",20,1,0,7.925,"S"
"639",0,2,"male",18,0,0,73.5,"S"
"640",1,1,"female",36,0,2,71,"S"
"641",1,3,"female",22,0,0,7.75,"S"
"642",1,1,"female",35,0,0,512.3292,"C"
"643",0,3,"male",NA,0,0,7.8958,"S"
"644",0,2,"male",37,1,0,26,"S"
"645",1,2,"female",30,0,0,13,"S"
"646",1,3,"female",24,1,0,15.85,"S"
"647",0,3,"female",45,1,4,27.9,"S"
"648",0,3,"male",NA,0,0,7.8958,"S"
"649",0,3,"male",NA,0,0,15.5,"Q"
"650",0,3,"male",NA,0,0,7.8958,"S"
"651",0,1,"male",NA,0,0,26,"S"
"652",0,3,"male",28,0,0,7.8958,"S"
"653",1,1,"female",38,0,0,227.525,"C"
"654",0,2,"male",16,0,0,10.5,"S"
"655",1,2,"female",2,1,1,26,"S"
"656",1,2,"male",8,1,1,36.75,"S"
"657",0,3,"male",1,4,1,39.6875,"S"
"658",1,2,"male",62,0,0,10.5,"S"
"659",0,3,"male",NA,0,0,7.8958,"C"
"660",1,1,"male",36,0,0,26.2875,"S"
"661",1,2,"female",48,1,2,65,"S"
"662",0,3,"male",NA,0,0,7.7333,"Q"
"663",1,2,"male",0.67,1,1,14.5,"S"
"664",0,3,"female",31,1,0,18,"S"
"665",1,3,"female",NA,1,0,15.5,"Q"
"666",0,3,"female",NA,8,2,69.55,"S"
"667",1,3,"male",29,0,0,7.8958,"C"
"668",1,2,"female",28,0,0,12.65,"S"
"669",1,3,"female",NA,0,0,7.75,"Q"
"670",0,3,"male",42,0,0,7.65,"S"
"671",0,3,"male",2,4,1,29.125,"Q"
"672",0,3,"male",30,0,0,7.8958,"S"
"673",1,1,"female",58,0,0,146.5208,"C"
"674",0,3,"male",21,0,0,8.4333,"S"
"675",0,3,"male",33,0,0,7.775,"S"
"676",0,3,"male",21,0,0,8.05,"S"
"677",0,3,"female",NA,1,2,23.45,"S"
"678",1,2,"female",41,0,1,19.5,"S"
"679",0,2,"male",29,1,0,27.7208,"C"
"680",0,3,"male",NA,0,0,8.05,"S"
"681",0,3,"male",22,0,0,9.35,"S"
"682",1,3,"male",9,0,2,20.525,"S"
"683",0,2,"male",50,0,0,13,"S"
"684",0,1,"male",22,0,0,135.6333,"C"
"685",0,3,"female",23,0,0,7.925,"S"
"686",1,3,"female",27,0,0,7.925,"S"
"687",0,3,"male",51,0,0,7.75,"S"
"688",0,3,"male",28,0,0,22.525,"S"
"689",0,3,"male",40,1,4,27.9,"S"
"690",0,3,"male",26,0,0,8.05,"S"
"691",0,3,"male",28,0,0,7.8542,"S"
"692",0,2,"female",44,1,0,26,"S"
"693",1,3,"male",3,4,2,31.3875,"S"
"694",1,1,"female",33,0,0,86.5,"S"
"695",0,3,"male",36,0,0,7.8958,"S"
"696",0,3,"male",20,0,0,7.05,"S"
"697",0,3,"female",14.5,1,0,14.4542,"C"
"698",0,2,"male",25,1,0,26,"S"
"699",1,1,"female",53,2,0,51.4792,"S"
"700",1,3,"female",NA,1,0,16.1,"S"
"701",0,2,"male",39,0,0,13,"S"
"702",0,3,"male",19,0,0,7.8958,"S"
"703",0,3,"female",22,0,0,9.8375,"S"
"704",0,3,"male",16,0,0,7.775,"S"
"705",1,2,"female",18,0,1,23,"S"
"706",1,3,"female",15,0,0,8.0292,"Q"
"707",0,1,"male",50,1,0,106.425,"C"
"708",0,2,"male",35,0,0,10.5,"S"
"709",0,3,"female",NA,0,0,7.6292,"Q"
"710",0,3,"female",21,1,0,9.825,"S"
"711",0,1,"male",47,0,0,25.5875,"S"
